{
  "sample_count": 768,
  "event_tag_recall": 0.8385416666666666,
  "sentiment_accuracy": 0.8854166666666666,
  "importance_accuracy": 0.8268229166666666,
  "stock_accuracy": 1.0,
  "event_macro_f1": 0.8592101121358015,
  "event_label_metrics": {
    "CAPITAL_ACTION": {
      "precision": 0.7272727272727273,
      "recall": 0.6666666666666666,
      "f1": 0.6956521739130435,
      "support": 72
    },
    "CONTRACT": {
      "precision": 0.75,
      "recall": 1.0,
      "f1": 0.8571428571428571,
      "support": 72
    },
    "CORPORATE_ACTION": {
      "precision": 0.8648648648648649,
      "recall": 1.0,
      "f1": 0.927536231884058,
      "support": 96
    },
    "DISCLOSURE": {
      "precision": 0.909433962264151,
      "recall": 0.7724358974358975,
      "f1": 0.8353552859618719,
      "support": 312
    },
    "EARNINGS": {
      "precision": 0.7100591715976331,
      "recall": 1.0,
      "f1": 0.8304498269896193,
      "support": 120
    },
    "GENERAL_MARKET": {
      "precision": 0.972972972972973,
      "recall": 1.0,
      "f1": 0.9863013698630138,
      "support": 72
    },
    "MACRO": {
      "precision": 0.7277486910994765,
      "recall": 0.9652777777777778,
      "f1": 0.8298507462686567,
      "support": 144
    },
    "RISK": {
      "precision": 0.972972972972973,
      "recall": 0.8571428571428571,
      "f1": 0.9113924050632912,
      "support": 168
    }
  },
  "sentiment_confusion_matrix": {
    "NEGATIVE": {
      "NEGATIVE": 205,
      "NEUTRAL": 29,
      "POSITIVE": 30
    },
    "NEUTRAL": {
      "NEUTRAL": 240,
      "POSITIVE": 24
    },
    "POSITIVE": {
      "NEGATIVE": 5,
      "POSITIVE": 235
    }
  },
  "importance_confusion_matrix": {
    "CRITICAL": {
      "CRITICAL": 75,
      "HIGH": 4,
      "MEDIUM": 17
    },
    "HIGH": {
      "HIGH": 296,
      "LOW": 6,
      "MEDIUM": 82
    },
    "LOW": {
      "HIGH": 24,
      "LOW": 24
    },
    "MEDIUM": {
      "MEDIUM": 240
    }
  }
}
