{
  "version": "financial-ml-tfidf-logreg-20260622055520",
  "trained_at": "2026-06-22T05:55:20.510952+00:00",
  "sample_count": 4650,
  "supervised_sample_count": 4659,
  "pseudo_labeled_sample_count": 1027,
  "training_sources": [
    "data/training/financial_alert_corpus.jsonl",
    "data/training/financial_alert_augmented.jsonl",
    "data/training/financial_alert_news_style_augmented.jsonl",
    "data/training/financial_alert_real_news_gold.jsonl",
    "data/training/financial_alert_full_content_gold.jsonl",
    "data/training/financial_alert_stock_review_gold.jsonl"
  ],
  "event_label_distribution": {
    "EARNINGS": 748,
    "CONTRACT": 863,
    "RISK": 1346,
    "CAPITAL_ACTION": 587,
    "DISCLOSURE": 1330,
    "CORPORATE_ACTION": 539,
    "MACRO": 522,
    "GENERAL_MARKET": 178
  },
  "sentiment_label_distribution": {
    "POSITIVE": 1319,
    "NEGATIVE": 1235,
    "NEUTRAL": 1069
  },
  "importance_label_distribution": {
    "HIGH": 1588,
    "CRITICAL": 366,
    "LOW": 263,
    "MEDIUM": 1406
  },
  "validation": {
    "sample_count": 932,
    "train_sample_count": 2906,
    "event_subset_recall": 0.8304721030042919,
    "event_macro_f1": 0.8175322127019289,
    "sentiment_accuracy": 0.99581589958159,
    "importance_accuracy": 0.99581589958159,
    "event_label_metrics": {
      "CAPITAL_ACTION": {
        "precision": 0.8819444444444444,
        "recall": 0.9338235294117647,
        "f1": 0.9071428571428571,
        "support": 136
      },
      "CONTRACT": {
        "precision": 1.0,
        "recall": 0.8064516129032258,
        "f1": 0.8928571428571428,
        "support": 124
      },
      "CORPORATE_ACTION": {
        "precision": 0.8403361344537815,
        "recall": 0.8333333333333334,
        "f1": 0.8368200836820084,
        "support": 120
      },
      "DISCLOSURE": {
        "precision": 0.9736842105263158,
        "recall": 0.7459677419354839,
        "f1": 0.8447488584474886,
        "support": 248
      },
      "EARNINGS": {
        "precision": 0.844559585492228,
        "recall": 0.8109452736318408,
        "f1": 0.8274111675126903,
        "support": 201
      },
      "GENERAL_MARKET": {
        "precision": 0.3,
        "recall": 1.0,
        "f1": 0.4615384615384615,
        "support": 36
      },
      "MACRO": {
        "precision": 0.9298245614035088,
        "recall": 0.7794117647058824,
        "f1": 0.8479999999999999,
        "support": 204
      },
      "RISK": {
        "precision": 0.8760330578512396,
        "recall": 0.9724770642201835,
        "f1": 0.9217391304347826,
        "support": 218
      }
    },
    "sentiment_confusion_matrix": {
      "NEGATIVE": {
        "NEGATIVE": 242,
        "POSITIVE": 2
      },
      "NEUTRAL": {
        "NEUTRAL": 214,
        "POSITIVE": 1
      },
      "POSITIVE": {
        "POSITIVE": 258
      }
    },
    "importance_confusion_matrix": {
      "CRITICAL": {
        "CRITICAL": 76
      },
      "HIGH": {
        "HIGH": 303,
        "MEDIUM": 1
      },
      "LOW": {
        "LOW": 57
      },
      "MEDIUM": {
        "HIGH": 2,
        "MEDIUM": 278
      }
    }
  },
  "event_probability_threshold": 0.3,
  "event_label_thresholds": {
    "CONTRACT": 0.46,
    "CORPORATE_ACTION": 0.5,
    "EARNINGS": 0.4,
    "GENERAL_MARKET": 0.3,
    "MACRO": 0.54,
    "RISK": 0.34
  },
  "supervised_exclusion_report": {
    "policy": "codex_review_approved rows are committed and evaluated as reference coverage data, but are excluded from supervised loss to avoid self-training feedback loops",
    "excluded_count_by_reason": {
      "codex_review_reference_only": 3420
    },
    "excluded_count_by_path": {
      "data/training/financial_alert_stock_review_gold.jsonl": 3420
    }
  },
  "pseudo_labeling": {
    "source_path": "data/processed/weak_labeled_alerts.jsonl",
    "status": "promoted_to_student_training",
    "candidate_count": 70287,
    "accepted_count": 1027,
    "rejected_count": 65069,
    "accepted_count_by_primary_label": {
      "CAPITAL_ACTION": 120,
      "CONTRACT": 422,
      "CORPORATE_ACTION": 62,
      "EARNINGS": 17,
      "MACRO": 10,
      "RISK": 396
    },
    "rejected_count_by_reason": {
      "disclosure_noise": 11302,
      "disclosure_only": 10328,
      "duplicate_text": 1173,
      "low_signal": 7087,
      "too_short": 3
    },
    "event_label_distribution": {
      "CAPITAL_ACTION": 1291,
      "CONTRACT": 935,
      "CORPORATE_ACTION": 1583,
      "DISCLOSURE": 2470,
      "EARNINGS": 2044,
      "GENERAL_MARKET": 418,
      "MACRO": 2103,
      "RISK": 900
    },
    "source_type_distribution": {
      "DISCLOSURE": 247,
      "NEWS": 4971
    },
    "sentiment_label_distribution": {
      "NEGATIVE": 496,
      "NEUTRAL": 1748,
      "POSITIVE": 2974
    },
    "importance_label_distribution": {
      "CRITICAL": 660,
      "HIGH": 2952,
      "LOW": 83,
      "MEDIUM": 1523
    },
    "label_quotas": {
      "RISK": 140,
      "CONTRACT": 180,
      "CAPITAL_ACTION": 0,
      "CORPORATE_ACTION": 40,
      "EARNINGS": 0,
      "MACRO": 0,
      "DISCLOSURE": 0,
      "GENERAL_MARKET": 0
    },
    "promotion_method": "supervised_teacher_confidence_filter",
    "teacher_training_sample_count": 4659,
    "rejected_count_by_teacher_reason": {
      "low_teacher_confidence": 4259,
      "teacher_weak_event_disagreement": 5
    },
    "pseudo_sample_influence_control": "weak_and_stock_candidate_pseudo_labels_are_event_model_only",
    "event_probability_threshold": 0.42,
    "minimum_event_confidence": 0.58,
    "minimum_sentiment_confidence": 0.72,
    "minimum_importance_confidence": 0.68,
    "stock_candidate_labeling": {
      "status": "promoted_to_event_student_training",
      "source_path": "data/curation/stock_training_candidate_queue.jsonl",
      "candidate_count": 15720,
      "accepted_count": 687,
      "accepted_stock_count": 687,
      "accepted_count_by_primary_label": {
        "RISK": 256,
        "CONTRACT": 242,
        "CAPITAL_ACTION": 120,
        "CORPORATE_ACTION": 42,
        "EARNINGS": 17,
        "MACRO": 10,
        "DISCLOSURE": 0,
        "GENERAL_MARKET": 0
      },
      "rejected_count_by_reason": {
        "low_teacher_confidence": 7873,
        "per_stock_quota_filled": 3534,
        "teacher_candidate_event_disagreement": 144,
        "teacher_zero_quota_label": 27,
        "zero_quota_label": 2833
      },
      "label_quotas": {
        "RISK": 350,
        "CONTRACT": 350,
        "CAPITAL_ACTION": 120,
        "CORPORATE_ACTION": 120,
        "EARNINGS": 120,
        "MACRO": 80,
        "DISCLOSURE": 0,
        "GENERAL_MARKET": 0
      },
      "per_stock_quota": 1,
      "promotion_method": "supervised_teacher_gate_on_stock_balanced_queue",
      "pseudo_sample_influence_control": "event_model_only"
    }
  },
  "full_content_training": {
    "status": "enabled",
    "full_text_sample_count": 1050,
    "full_text_source_type_count": {
      "DISCLOSURE": 195,
      "NEWS": 855
    },
    "source_license_policy_count": {
      "internal_rights_safe_disclosure_text_v1": 4,
      "internal_rights_safe_full_article_v1": 10,
      "licensed_naver_original_full_text_v1": 845,
      "opendart_public_disclosure_text_v1": 191
    },
    "minimum_full_text_characters": 180,
    "policy": "Only rights-safe full text rows with explicit source_license_policy are used for supervised full-content training."
  },
  "event_training": {
    "policy": "검수되지 않은 전문 수집 라벨은 이벤트 supervised loss에서도 제외한다. 전문 원문은 요약·분석 입력 품질 검증과 검수 후보 생성에 사용하고, 라벨 학습은 승인된 gold 및 교사 검증 pseudo label로 제한한다.",
    "supervised_training_sample_count": 3623,
    "pseudo_training_sample_count": 1027,
    "training_sample_count": 4650,
    "excluded_weak_full_content_label_count": 1036,
    "excluded_count_by_source_license_policy": {
      "licensed_naver_original_full_text_v1": 845,
      "opendart_public_disclosure_text_v1": 191
    },
    "fallback_used": false
  },