{
  "version": "financial-ml-tfidf-logreg-20260604155535",
  "trained_at": "2026-06-04T15:55:35.064094+00:00",
  "sample_count": 4189,
  "supervised_sample_count": 3609,
  "pseudo_labeled_sample_count": 580,
  "training_sources": [
    "data/training/financial_alert_corpus.jsonl",
    "data/training/financial_alert_augmented.jsonl",
    "data/training/financial_alert_news_style_augmented.jsonl",
    "data/training/financial_alert_real_news_gold.jsonl"
  ],
  "event_label_distribution": {
    "EARNINGS": 722,
    "CONTRACT": 716,
    "RISK": 1196,
    "CAPITAL_ACTION": 433,
    "DISCLOSURE": 1276,
    "CORPORATE_ACTION": 496,
    "MACRO": 506,
    "GENERAL_MARKET": 164
  },
  "sentiment_label_distribution": {
    "POSITIVE": 1313,
    "NEGATIVE": 1231,
    "NEUTRAL": 1065
  },
  "importance_label_distribution": {
    "HIGH": 1578,
    "CRITICAL": 364,
    "LOW": 263,
    "MEDIUM": 1404
  },
  "validation": {
    "sample_count": 722,
    "train_sample_count": 2887,
    "event_subset_recall": 0.9889196675900277,
    "event_macro_f1": 0.9880665660133557,
    "sentiment_accuracy": 0.9889196675900277,
    "importance_accuracy": 0.9930747922437673,
    "event_label_metrics": {
      "CAPITAL_ACTION": {
        "precision": 1.0,
        "recall": 0.9883720930232558,
        "f1": 0.9941520467836257,
        "support": 86
      },
      "CONTRACT": {
        "precision": 1.0,
        "recall": 0.9882352941176471,
        "f1": 0.9940828402366864,
        "support": 85
      },
      "CORPORATE_ACTION": {
        "precision": 1.0,
        "recall": 1.0,
        "f1": 1.0,
        "support": 92
      },
      "DISCLOSURE": {
        "precision": 1.0,
        "recall": 1.0,
        "f1": 1.0,
        "support": 165
      },
      "EARNINGS": {
        "precision": 0.9794520547945206,
        "recall": 0.9862068965517241,
        "f1": 0.9828178694158075,
        "support": 145
      },
      "GENERAL_MARKET": {
        "precision": 0.96875,
        "recall": 0.9393939393939394,
        "f1": 0.9538461538461539,
        "support": 33
      },
      "MACRO": {
        "precision": 0.98,
        "recall": 0.98989898989899,
        "f1": 0.9849246231155778,
        "support": 99
      },
      "RISK": {
        "precision": 1.0,
        "recall": 0.9894736842105263,
        "f1": 0.9947089947089947,
        "support": 190
      }
    },
    "sentiment_confusion_matrix": {
      "NEGATIVE": {
        "NEGATIVE": 246,
        "NEUTRAL": 1,
        "POSITIVE": 2
      },
      "NEUTRAL": {
        "NEGATIVE": 1,
        "NEUTRAL": 210,
        "POSITIVE": 1
      },
      "POSITIVE": {
        "NEUTRAL": 3,
        "POSITIVE": 258
      }
    },
    "importance_confusion_matrix": {
      "CRITICAL": {
        "CRITICAL": 76
      },
      "HIGH": {
        "CRITICAL": 1,
        "HIGH": 315,
        "MEDIUM": 3
      },
      "LOW": {
        "LOW": 59
      },
      "MEDIUM": {
        "HIGH": 1,
        "MEDIUM": 267
      }
    }
  },
  "event_probability_threshold": 0.3,
  "event_label_thresholds": {
    "CORPORATE_ACTION": 0.22,
    "EARNINGS": 0.42,
    "MACRO": 0.34,
    "RISK": 0.42
  },
  "pseudo_labeling": {
    "source_path": "data/processed/weak_labeled_alerts.jsonl",
    "status": "promoted_to_student_training",
    "candidate_count": 37278,
    "accepted_count": 580,
    "rejected_count": 32433,
    "accepted_count_by_primary_label": {
      "CONTRACT": 290,
      "CORPORATE_ACTION": 40,
      "RISK": 250
    },
    "rejected_count_by_reason": {
      "disclosure_noise": 11302,
      "disclosure_only": 7660,
      "duplicate_text": 814,
      "low_signal": 4305,
      "too_short": 3
    },
    "event_label_distribution": {
      "CAPITAL_ACTION": 950,
      "CONTRACT": 823,
      "CORPORATE_ACTION": 1080,
      "DISCLOSURE": 1902,
      "EARNINGS": 1453,
      "GENERAL_MARKET": 45,
      "MACRO": 1777,
      "RISK": 900
    },
    "source_type_distribution": {
      "DISCLOSURE": 1016,
      "NEWS": 3829
    },
    "sentiment_label_distribution": {
      "NEGATIVE": 281,
      "NEUTRAL": 1549,
      "POSITIVE": 3015
    },
    "importance_label_distribution": {
      "CRITICAL": 706,
      "HIGH": 2740,
      "LOW": 42,
      "MEDIUM": 1357
    },
    "label_quotas": {
      "RISK": 140,
      "CONTRACT": 180,
      "CAPITAL_ACTION": 0,
      "CORPORATE_ACTION": 40,
      "EARNINGS": 0,
      "MACRO": 0,
      "DISCLOSURE": 0,
      "GENERAL_MARKET": 0
    },
    "promotion_method": "supervised_teacher_confidence_filter",
    "teacher_training_sample_count": 3609,
    "rejected_count_by_teacher_reason": {
      "low_teacher_confidence": 2902,
      "teacher_weak_event_disagreement": 222
    },
    "pseudo_sample_influence_control": "weak_and_stock_candidate_pseudo_labels_are_event_model_only",
    "event_probability_threshold": 0.42,
    "minimum_event_confidence": 0.58,
    "minimum_sentiment_confidence": 0.72,
    "minimum_importance_confidence": 0.68,
    "stock_candidate_labeling": {
      "status": "promoted_to_event_student_training",
      "source_path": "data/curation/stock_training_candidate_queue.jsonl",
      "candidate_count": 6244,
      "accepted_count": 220,
      "accepted_stock_count": 201,
      "accepted_count_by_primary_label": {
        "RISK": 110,
        "CONTRACT": 110,
        "CAPITAL_ACTION": 0,
        "CORPORATE_ACTION": 0,
        "EARNINGS": 0,
        "MACRO": 0,
        "DISCLOSURE": 0,
        "GENERAL_MARKET": 0
      },
      "rejected_count_by_reason": {
        "low_teacher_confidence": 412,
        "per_stock_quota_filled": 36,
        "teacher_zero_quota_label": 57,
        "zero_quota_label": 5095
      },
      "label_quotas": {
        "RISK": 110,
        "CONTRACT": 110,
        "CAPITAL_ACTION": 0,
        "CORPORATE_ACTION": 0,
        "EARNINGS": 0,
        "MACRO": 0,
        "DISCLOSURE": 0,
        "GENERAL_MARKET": 0
      },
      "per_stock_quota": 2,
      "promotion_method": "supervised_teacher_gate_on_stock_balanced_queue",
      "pseudo_sample_influence_control": "event_model_only"
    }
  }
}
