{
  "version": "financial-ml-tfidf-logreg-20260603184019",
  "trained_at": "2026-06-03T18:40:19.174775+00:00",
  "sample_count": 12372,
  "training_sources": [
    "data/training/financial_alert_corpus.jsonl",
    "data/training/financial_alert_augmented.jsonl",
    "data/processed/weak_labeled_alerts.jsonl"
  ],
  "event_label_distribution": {
    "EARNINGS": 1908,
    "CONTRACT": 498,
    "RISK": 443,
    "CAPITAL_ACTION": 932,
    "DISCLOSURE": 8005,
    "CORPORATE_ACTION": 678,
    "MACRO": 1096,
    "GENERAL_MARKET": 2375
  },
  "sentiment_label_distribution": {
    "POSITIVE": 1494,
    "NEGATIVE": 438,
    "NEUTRAL": 10440
  },
  "importance_label_distribution": {
    "HIGH": 11047,
    "CRITICAL": 234,
    "LOW": 87,
    "MEDIUM": 1004
  },
  "validation": {
    "sample_count": 2475,
    "train_sample_count": 9897,
    "event_subset_recall": 0.9858585858585859,
    "event_macro_f1": 0.9024190469377846,
    "sentiment_accuracy": 0.9632323232323232,
    "importance_accuracy": 0.9608080808080808,
    "event_label_metrics": {
      "CAPITAL_ACTION": {
        "precision": 0.8685446009389671,
        "recall": 0.9893048128342246,
        "f1": 0.925,
        "support": 187
      },
      "CONTRACT": {
        "precision": 0.723404255319149,
        "recall": 0.9807692307692307,
        "f1": 0.8326530612244898,
        "support": 104
      },
      "CORPORATE_ACTION": {
        "precision": 0.7840909090909091,
        "recall": 0.965034965034965,
        "f1": 0.8652037617554859,
        "support": 143
      },
      "DISCLOSURE": {
        "precision": 0.9943538268506901,
        "recall": 0.9869240348692403,
        "f1": 0.990625,
        "support": 1606
      },
      "EARNINGS": {
        "precision": 0.8407079646017699,
        "recall": 0.9895833333333334,
        "f1": 0.9090909090909092,
        "support": 384
      },
      "GENERAL_MARKET": {
        "precision": 0.8979206049149339,
        "recall": 1.0,
        "f1": 0.9462151394422311,
        "support": 475
      },
      "MACRO": {
        "precision": 0.6677631578947368,
        "recall": 0.9806763285024155,
        "f1": 0.7945205479452054,
        "support": 207
      },
      "RISK": {
        "precision": 0.9157894736842105,
        "recall": 1.0,
        "f1": 0.956043956043956,
        "support": 87
      }
    },
    "sentiment_confusion_matrix": {
      "NEGATIVE": {
        "NEGATIVE": 67,
        "POSITIVE": 7
      },
      "NEUTRAL": {
        "NEGATIVE": 6,
        "NEUTRAL": 2035,
        "POSITIVE": 68
      },
      "POSITIVE": {
        "NEUTRAL": 10,
        "POSITIVE": 282
      }
    },
    "importance_confusion_matrix": {
      "CRITICAL": {
        "CRITICAL": 39,
        "HIGH": 3
      },
      "HIGH": {
        "CRITICAL": 6,
        "HIGH": 2152,
        "MEDIUM": 80
      },
      "LOW": {
        "CRITICAL": 2,
        "LOW": 6,
        "MEDIUM": 2
      },
      "MEDIUM": {
        "CRITICAL": 2,
        "LOW": 2,
        "MEDIUM": 181
      }
    }
  }
}
