{
  "version": "financial-ml-tfidf-logreg-20260622012451",
  "trained_at": "2026-06-22T01:24:51.259448+00:00",
  "sample_count": 5134,
  "supervised_sample_count": 4116,
  "pseudo_labeled_sample_count": 1018,
  "training_sources": [
    "data/training/financial_alert_corpus.jsonl",
    "data/training/financial_alert_augmented.jsonl",
    "data/training/financial_alert_news_style_augmented.jsonl",
    "data/training/financial_alert_real_news_gold.jsonl",
    "data/training/financial_alert_full_content_gold.jsonl",
    "data/training/financial_alert_stock_review_gold.jsonl"
  ],
  "event_label_distribution": {
    "EARNINGS": 826,
    "CONTRACT": 931,
    "RISK": 1408,
    "CAPITAL_ACTION": 667,
    "DISCLOSURE": 1585,
    "CORPORATE_ACTION": 614,
    "MACRO": 671,
    "GENERAL_MARKET": 218
  },
  "sentiment_label_distribution": {
    "POSITIVE": 1319,
    "NEGATIVE": 1235,
    "NEUTRAL": 1069
  },
  "importance_label_distribution": {
    "HIGH": 1588,
    "CRITICAL": 366,
    "LOW": 263,
    "MEDIUM": 1406
  },
  "validation": {
    "sample_count": 824,
    "train_sample_count": 3292,
    "event_subset_recall": 0.962378640776699,
    "event_macro_f1": 0.8919786494865981,
    "sentiment_accuracy": 0.9903713892709766,
    "importance_accuracy": 0.9903713892709766,
    "event_label_metrics": {
      "CAPITAL_ACTION": {
        "precision": 0.8859649122807017,
        "recall": 0.9711538461538461,
        "f1": 0.926605504587156,
        "support": 104
      },
      "CONTRACT": {
        "precision": 0.8468468468468469,
        "recall": 0.9306930693069307,
        "f1": 0.8867924528301886,
        "support": 101
      },
      "CORPORATE_ACTION": {
        "precision": 0.7862595419847328,
        "recall": 0.9626168224299065,
        "f1": 0.8655462184873949,
        "support": 107
      },
      "DISCLOSURE": {
        "precision": 0.889795918367347,
        "recall": 0.9864253393665159,
        "f1": 0.9356223175965666,
        "support": 221
      },
      "EARNINGS": {
        "precision": 0.8626373626373627,
        "recall": 0.9751552795031055,
        "f1": 0.9154518950437318,
        "support": 161
      },
      "GENERAL_MARKET": {
        "precision": 0.6440677966101694,
        "recall": 0.9047619047619048,
        "f1": 0.7524752475247525,
        "support": 42
      },
      "MACRO": {
        "precision": 0.80625,
        "recall": 0.9923076923076923,
        "f1": 0.8896551724137932,
        "support": 130
      },
      "RISK": {
        "precision": 0.961352657004831,
        "recall": 0.9660194174757282,
        "f1": 0.963680387409201,
        "support": 206
      }
    },
    "sentiment_confusion_matrix": {
      "NEGATIVE": {
        "NEGATIVE": 244,
        "NEUTRAL": 1,
        "POSITIVE": 3
      },
      "NEUTRAL": {
        "NEUTRAL": 204,
        "POSITIVE": 2
      },
      "POSITIVE": {
        "NEUTRAL": 1,
        "POSITIVE": 272
      }
    },
    "importance_confusion_matrix": {
      "CRITICAL": {
        "CRITICAL": 77
      },
      "HIGH": {
        "HIGH": 314,
        "MEDIUM": 4
      },
      "LOW": {
        "LOW": 58
      },
      "MEDIUM": {
        "HIGH": 3,
        "MEDIUM": 271
      }
    }
  },
  "event_probability_threshold": 0.3,
  "event_label_thresholds": {
    "CONTRACT": 0.46,
    "CORPORATE_ACTION": 0.5,
    "EARNINGS": 0.4,
    "GENERAL_MARKET": 0.3,
    "MACRO": 0.54,
    "RISK": 0.34
  },
  "supervised_exclusion_report": {
    "policy": "codex_review_approved rows are committed and evaluated as reference coverage data, but are excluded from supervised loss to avoid self-training feedback loops",
    "excluded_count_by_reason": {
      "codex_review_reference_only": 3420
    },
    "excluded_count_by_path": {
      "data/training/financial_alert_stock_review_gold.jsonl": 3420
    }
  },
  "pseudo_labeling": {
    "source_path": "data/processed/weak_labeled_alerts.jsonl",
    "status": "promoted_to_student_training",
    "candidate_count": 68710,
    "accepted_count": 1018,
    "rejected_count": 63506,
    "accepted_count_by_primary_label": {
      "CAPITAL_ACTION": 120,
      "CONTRACT": 422,
      "CORPORATE_ACTION": 66,
      "EARNINGS": 12,
      "MACRO": 7,
      "RISK": 391
    },
    "rejected_count_by_reason": {
      "disclosure_noise": 11302,
      "disclosure_only": 10196,
      "duplicate_text": 1172,
      "low_signal": 6922,
      "too_short": 3
    },
    "event_label_distribution": {
      "CAPITAL_ACTION": 1291,
      "CONTRACT": 931,
      "CORPORATE_ACTION": 1582,
      "DISCLOSURE": 2468,
      "EARNINGS": 2031,
      "GENERAL_MARKET": 404,
      "MACRO": 2117,
      "RISK": 900
    },
    "source_type_distribution": {
      "DISCLOSURE": 254,
      "NEWS": 4950
    },
    "sentiment_label_distribution": {
      "NEGATIVE": 501,
      "NEUTRAL": 1747,
      "POSITIVE": 2956
    },
    "importance_label_distribution": {
      "CRITICAL": 658,
      "HIGH": 2939,
      "LOW": 85,
      "MEDIUM": 1522
    },
    "label_quotas": {
      "RISK": 140,
      "CONTRACT": 180,
      "CAPITAL_ACTION": 0,
      "CORPORATE_ACTION": 40,
      "EARNINGS": 0,
      "MACRO": 0,
      "DISCLOSURE": 0,
      "GENERAL_MARKET": 0
    },
    "promotion_method": "supervised_teacher_confidence_filter",
    "teacher_training_sample_count": 4116,
    "rejected_count_by_teacher_reason": {
      "low_teacher_confidence": 4257,
      "teacher_weak_event_disagreement": 3
    },
    "pseudo_sample_influence_control": "weak_and_stock_candidate_pseudo_labels_are_event_model_only",
    "event_probability_threshold": 0.42,
    "minimum_event_confidence": 0.58,
    "minimum_sentiment_confidence": 0.72,
    "minimum_importance_confidence": 0.68,
    "stock_candidate_labeling": {
      "status": "promoted_to_event_student_training",
      "source_path": "data/curation/stock_training_candidate_queue.jsonl",
      "candidate_count": 15720,
      "accepted_count": 676,
      "accepted_stock_count": 676,
      "accepted_count_by_primary_label": {
        "RISK": 251,
        "CONTRACT": 242,
        "CAPITAL_ACTION": 120,
        "CORPORATE_ACTION": 44,
        "EARNINGS": 12,
        "MACRO": 7,
        "DISCLOSURE": 0,
        "GENERAL_MARKET": 0
      },
      "rejected_count_by_reason": {
        "low_teacher_confidence": 7955,
        "per_stock_quota_filled": 3474,
        "teacher_candidate_event_disagreement": 140,
        "teacher_zero_quota_label": 27,
        "zero_quota_label": 2833
      },
      "label_quotas": {
        "RISK": 350,
        "CONTRACT": 350,
        "CAPITAL_ACTION": 120,
        "CORPORATE_ACTION": 120,
        "EARNINGS": 120,
        "MACRO": 80,
        "DISCLOSURE": 0,
        "GENERAL_MARKET": 0
      },
      "per_stock_quota": 1,
      "promotion_method": "supervised_teacher_gate_on_stock_balanced_queue",
      "pseudo_sample_influence_control": "event_model_only"
    }
  },
  "full_content_training": {
    "status": "enabled",
    "full_text_sample_count": 507,
    "full_text_source_type_count": {
      "DISCLOSURE": 138,
      "NEWS": 369
    },
    "source_license_policy_count": {
      "internal_rights_safe_disclosure_text_v1": 4,
      "internal_rights_safe_full_article_v1": 10,
      "licensed_naver_original_full_text_v1": 359,
      "opendart_public_disclosure_text_v1": 134
    },
    "minimum_full_text_characters": 194,
    "policy": "Only rights-safe full text rows with explicit source_license_policy are used for supervised full-content training."
  },
  "sentiment_importance_training": {
    "policy": "실제 원문 전문은 이벤트/종목 맥락 학습에 사용하고, 사람이 검수하지 않은 수집 라벨은 감성/중요도 supervised loss에서 제외한다.",
    "training_sample_count": 3623,
    "excluded_weak_full_content_label_count": 493,
    "excluded_count_by_source_license_policy": {
      "licensed_naver_original_full_text_v1": 359,
      "opendart_public_disclosure_text_v1": 134
    },
    "fallback_used": false
  }
}
