{
  "version": "financial-ml-tfidf-logreg-20260622034109",
  "trained_at": "2026-06-22T03:41:09.955092+00:00",
  "sample_count": 4651,
  "supervised_sample_count": 4282,
  "pseudo_labeled_sample_count": 1028,
  "training_sources": [
    "data/training/financial_alert_corpus.jsonl",
    "data/training/financial_alert_augmented.jsonl",
    "data/training/financial_alert_news_style_augmented.jsonl",
    "data/training/financial_alert_real_news_gold.jsonl",
    "data/training/financial_alert_full_content_gold.jsonl",
    "data/training/financial_alert_stock_review_gold.jsonl"
  ],
  "event_label_distribution": {
    "EARNINGS": 748,
    "CONTRACT": 863,
    "RISK": 1346,
    "CAPITAL_ACTION": 587,
    "DISCLOSURE": 1330,
    "CORPORATE_ACTION": 540,
    "MACRO": 522,
    "GENERAL_MARKET": 178
  },
  "sentiment_label_distribution": {
    "POSITIVE": 1319,
    "NEGATIVE": 1235,
    "NEUTRAL": 1069
  },
  "importance_label_distribution": {
    "HIGH": 1588,
    "CRITICAL": 366,
    "LOW": 263,
    "MEDIUM": 1406
  },
  "validation": {
    "sample_count": 857,
    "train_sample_count": 2902,
    "event_subset_recall": 0.8798133022170361,
    "event_macro_f1": 0.8544762350698412,
    "sentiment_accuracy": 0.9875173370319001,
    "importance_accuracy": 0.9916782246879334,
    "event_label_metrics": {
      "CAPITAL_ACTION": {
        "precision": 0.8181818181818182,
        "recall": 0.9473684210526315,
        "f1": 0.8780487804878049,
        "support": 114
      },
      "CONTRACT": {
        "precision": 1.0,
        "recall": 0.8918918918918919,
        "f1": 0.9428571428571428,
        "support": 111
      },
      "CORPORATE_ACTION": {
        "precision": 0.8373983739837398,
        "recall": 0.9035087719298246,
        "f1": 0.869198312236287,
        "support": 114
      },
      "DISCLOSURE": {
        "precision": 0.9491525423728814,
        "recall": 0.7466666666666667,
        "f1": 0.8358208955223881,
        "support": 225
      },
      "EARNINGS": {
        "precision": 0.9116022099447514,
        "recall": 0.9482758620689655,
        "f1": 0.9295774647887324,
        "support": 174
      },
      "GENERAL_MARKET": {
        "precision": 0.4166666666666667,
        "recall": 1.0,
        "f1": 0.5882352941176471,
        "support": 35
      },
      "MACRO": {
        "precision": 0.9426229508196722,
        "recall": 0.7931034482758621,
        "f1": 0.8614232209737829,
        "support": 145
      },
      "RISK": {
        "precision": 0.9004329004329005,
        "recall": 0.9629629629629629,
        "f1": 0.9306487695749441,
        "support": 216
      }
    },
    "sentiment_confusion_matrix": {
      "NEGATIVE": {
        "NEGATIVE": 238,
        "NEUTRAL": 1,
        "POSITIVE": 4
      },
      "NEUTRAL": {
        "NEUTRAL": 202,
        "POSITIVE": 3
      },
      "POSITIVE": {
        "NEGATIVE": 1,
        "POSITIVE": 272
      }
    },
    "importance_confusion_matrix": {
      "CRITICAL": {
        "CRITICAL": 74
      },
      "HIGH": {
        "HIGH": 305,
        "MEDIUM": 3
      },
      "LOW": {
        "LOW": 47,
        "MEDIUM": 1
      },
      "MEDIUM": {
        "HIGH": 2,
        "MEDIUM": 289
      }
    }
  },
  "event_probability_threshold": 0.3,
  "event_label_thresholds": {
    "CONTRACT": 0.46,
    "CORPORATE_ACTION": 0.5,
    "EARNINGS": 0.4,
    "GENERAL_MARKET": 0.3,
    "MACRO": 0.54,
    "RISK": 0.34
  },
  "supervised_exclusion_report": {
    "policy": "codex_review_approved rows are committed and evaluated as reference coverage data, but are excluded from supervised loss to avoid self-training feedback loops",
    "excluded_count_by_reason": {
      "codex_review_reference_only": 3420
    },
    "excluded_count_by_path": {
      "data/training/financial_alert_stock_review_gold.jsonl": 3420
    }
  },
  "pseudo_labeling": {
    "source_path": "data/processed/weak_labeled_alerts.jsonl",
    "status": "promoted_to_student_training",
    "candidate_count": 68710,
    "accepted_count": 1028,
    "rejected_count": 63506,
    "accepted_count_by_primary_label": {
      "CAPITAL_ACTION": 120,
      "CONTRACT": 422,
      "CORPORATE_ACTION": 63,
      "EARNINGS": 17,
      "MACRO": 10,
      "RISK": 396
    },
    "rejected_count_by_reason": {
      "disclosure_noise": 11302,
      "disclosure_only": 10196,
      "duplicate_text": 1172,
      "low_signal": 6922,
      "too_short": 3
    },
    "event_label_distribution": {
      "CAPITAL_ACTION": 1291,
      "CONTRACT": 931,
      "CORPORATE_ACTION": 1582,
      "DISCLOSURE": 2468,
      "EARNINGS": 2031,
      "GENERAL_MARKET": 404,
      "MACRO": 2117,
      "RISK": 900
    },
    "source_type_distribution": {
      "DISCLOSURE": 254,
      "NEWS": 4950
    },
    "sentiment_label_distribution": {
      "NEGATIVE": 501,
      "NEUTRAL": 1747,
      "POSITIVE": 2956
    },
    "importance_label_distribution": {
      "CRITICAL": 658,
      "HIGH": 2939,
      "LOW": 85,
      "MEDIUM": 1522
    },
    "label_quotas": {
      "RISK": 140,
      "CONTRACT": 180,
      "CAPITAL_ACTION": 0,
      "CORPORATE_ACTION": 40,
      "EARNINGS": 0,
      "MACRO": 0,
      "DISCLOSURE": 0,
      "GENERAL_MARKET": 0
    },
    "promotion_method": "supervised_teacher_confidence_filter",
    "teacher_training_sample_count": 4282,
    "rejected_count_by_teacher_reason": {
      "low_teacher_confidence": 4241,
      "teacher_weak_event_disagreement": 7
    },
    "pseudo_sample_influence_control": "weak_and_stock_candidate_pseudo_labels_are_event_model_only",
    "event_probability_threshold": 0.42,
    "minimum_event_confidence": 0.58,
    "minimum_sentiment_confidence": 0.72,
    "minimum_importance_confidence": 0.68,
    "stock_candidate_labeling": {
      "status": "promoted_to_event_student_training",
      "source_path": "data/curation/stock_training_candidate_queue.jsonl",
      "candidate_count": 15720,
      "accepted_count": 687,
      "accepted_stock_count": 687,
      "accepted_count_by_primary_label": {
        "RISK": 256,
        "CONTRACT": 242,
        "CAPITAL_ACTION": 120,
        "CORPORATE_ACTION": 42,
        "EARNINGS": 17,
        "MACRO": 10,
        "DISCLOSURE": 0,
        "GENERAL_MARKET": 0
      },
      "rejected_count_by_reason": {
        "low_teacher_confidence": 7873,
        "per_stock_quota_filled": 3534,
        "teacher_candidate_event_disagreement": 144,
        "teacher_zero_quota_label": 27,
        "zero_quota_label": 2833
      },
      "label_quotas": {
        "RISK": 350,
        "CONTRACT": 350,
        "CAPITAL_ACTION": 120,
        "CORPORATE_ACTION": 120,
        "EARNINGS": 120,
        "MACRO": 80,
        "DISCLOSURE": 0,
        "GENERAL_MARKET": 0
      },
      "per_stock_quota": 1,
      "promotion_method": "supervised_teacher_gate_on_stock_balanced_queue",
      "pseudo_sample_influence_control": "event_model_only"
    }
  },
  "full_content_training": {
    "status": "enabled",
    "full_text_sample_count": 673,
    "full_text_source_type_count": {
      "DISCLOSURE": 195,
      "NEWS": 478
    },
    "source_license_policy_count": {
      "internal_rights_safe_disclosure_text_v1": 4,
      "internal_rights_safe_full_article_v1": 10,
      "licensed_naver_original_full_text_v1": 468,
      "opendart_public_disclosure_text_v1": 191
    },
    "minimum_full_text_characters": 180,
    "policy": "Only rights-safe full text rows with explicit source_license_policy are used for supervised full-content training."
  },
  "event_training": {
    "policy": "검수되지 않은 전문 수집 라벨은 이벤트 supervised loss에서도 제외한다. 전문 원문은 요약·분석 입력 품질 검증과 검수 후보 생성에 사용하고, 라벨 학습은 승인된 gold 및 교사 검증 pseudo label로 제한한다.",
    "supervised_training_sample_count": 3623,
    "pseudo_training_sample_count": 1028,
    "training_sample_count": 4651,
    "excluded_weak_full_content_label_count": 659,
    "excluded_count_by_source_license_policy": {
      "licensed_naver_original_full_text_v1": 468,
      "opendart_public_disclosure_text_v1": 191
    },